core_phrase,label
away from chaos,being_away
away from demand of society,being_away
away from hustle,being_away
bask in,being_away
braced relaxation,being_away
break free,being_away
breathe in calm scent,being_away
breathe in deeply,being_away
breathe in easier,being_away
breathe in fresh air,being_away
breathe in serenity,being_away
calm relief from stress,being_away
close eyes listen to gentle hum ,being_away
crisp fresh air,being_away
deep breath fresh air,being_away
detached relaxed,being_away
dip toes in cool refresh,being_away
distraction of city fade away,being_away
dreamlike escape,being_away
drift away on ethereal,being_away
drift into peace,being_away
drift into relaxation,being_away
drift into tranquility,being_away
drift lazily,being_away
drift off to soothing sound,being_away
drown out noise,being_away
earthy scent freshly,being_away
echo,being_away
embrace freedom endless,being_away
embrace from nature,being_away
embrace of relaxation,being_away
embrace relaxation,being_away
escape daily grind,being_away
escape demand,being_away
escape from reality,being_away
escape grind,being_away
escape hustle bustle,being_away
escape noise,being_away
exhale stress inhale peace,being_away
feel alive free,being_away
feel alive renew,being_away
feel at peace,being_away
feel freedom,being_away
feel refreshed rejuvenated,being_away
feel rejuvenated,being_away
feel sense of serenity wash over,being_away
feel soft caress,being_away
feel softness,being_away
fill mind peace,being_away
find freedom,being_away
find peace,being_away
find peace in infinite,being_away
find quietude,being_away
find refuge in nature embrace,being_away
find relief,being_away
find relief from monotony of daily life,being_away
find relief from noise pollution,being_away
find respite,being_away
find serenity,being_away
find solace,being_away
find solace in silence,being_away
find solace in stillness,being_away
find stillness,being_away
find tranquility,being_away
float on dream,being_away
freedom of wide open space,being_away
gentle hum,being_away
gentle rustle,being_away
gentle sound,being_away
gentle sway,being_away
ground calm,being_away
heal mind,being_away
healed,being_away
hidden cave cranny,being_away
hidden gem,being_away
hidden nook,being_away
immerse in soothing sound,being_away
indulge in solitude,being_away
inhale scent,being_away
inhale serenity,being_away
inhale tranquility,being_away
inner calm,being_away
inner peace,being_away
instantly relaxed,being_away
into tranquility,being_away
let go of stress immerse in,being_away
listen to symphony,being_away
lost in endless expanse,being_away
lost in quiet contemplation thought drift away,being_away
lost in quiet solitude,being_away
lost in tranquil melody,being_away
lost in tranquility,being_away
lounge in,being_away
lounge under,being_away
lull into relaxation,being_away
lull mind,being_away
meditation,being_away
melody for soul,being_away
mind adrift,being_away
mind adrift on away from noise of daily life,being_away
mind at ease,being_away
mind at ease lost in,being_away
mind at rest,being_away
mind buzzing with rhythm,being_away
mind still by serenity,being_away
natural lullaby for soul,being_away
nature remedy,being_away
nature symphony drown out noise,being_away
obligation temporarily forget,being_away
peaceful,being_away
peaceful chatter,being_away
peaceful hum,being_away
peaceful relief from chaos,being_away
peaceful retreat from chaos,being_away
peaceful sound,being_away
promote relaxation,being_away
pure relaxation,being_away
quiet contemplation,being_away
quiet mind,being_away
quiet mind focus on,being_away
quiet sanctuary,being_away
quiet stillness,being_away
recharge amidst,being_away
recharge in nature embrace,being_away
recharge spirit,being_away
refresh break,being_away
refresh change of pace,being_away
refresh escape,being_away
refresh relief,being_away
refresh spirit,being_away
rejuvenated by,being_away
rejuvenated sense,being_away
rejuvenated spirit,being_away
rejuvenating,being_away
relaxation amid,being_away
relaxed body mind,being_away
relaxed mind,being_away
relaxed muscle mind,being_away
relief,being_away
relief find in,being_away
relief from life uncertainty,being_away
relief from seriousness,being_away
relief to weary muscle,being_away
relieve stress,being_away
relieve tension,being_away
respite from,being_away
restore energy,being_away
sanctuary peace,being_away
savor crisp freshness,being_away
savor relief,being_away
savor silence,being_away
savor stillness,being_away
savor tranquility,being_away
sense of peace relief,being_away
sensory experience relax,being_away
silence by vastness,being_away
silence noise,being_away
sink into peace thought dissolve,being_away
sink into relaxation,being_away
sink into relaxation lull by,being_away
sink into serenity thought drift,being_away
sink into silence,being_away
sit in silence,being_away
sit in stillness,being_away
soak in peaceful serenity,being_away
soothe by,being_away
soothe weary soul,being_away
soothing balm for soul,being_away
soothing escape,being_away
soothing melody,being_away
soothing sound of nature,being_away
sound distant,being_away
stress fade into background,being_away
sweep away worry with soothing stroke,being_away
take deep breath let go of stress,being_away
tension slip away,being_away
thought dissolve into vastness,being_away
thought fade into background,being_away
thought float away,being_away
thought scatter,being_away
thought silence,being_away
time slow down worry fade away,being_away
tranquility,being_away
transport to another realm,being_away
watch time flow away,being_away
absolutely amazed by variety,fascinating
absolutely captivated by,fascinating
absolutely captivated by stunning,fascinating
absolutely captivated by vibrant color,fascinating
absolutely enchanted by,fascinating
absolutely fascinated by,fascinating
absolutely mesmerized by graceful,fascinating
absolutely mesmerized by vibrant color,fascinating
absolutely worth admire breathtaking view,fascinating
absolutely worth adventure explore new,fascinating
absolutely worth wonder,fascinating
absolutely worth wonder curiosity evoke,fascinating
admire beauty,fascinating
admire graceful,fascinating
admire intricate,fascinating
admire majestic,fascinating
admire vibrant color,fascinating
admire vibrant hue,fascinating
adventure always something new to see,fascinating
always entertained by lively,fascinating
always new discover,fascinating
always something beautiful,fascinating
always something fascinating,fascinating
always something interesting,fascinating
amazed by intricate,fascinating
amazed by variety,fascinating
appreciate beauty,fascinating
appreciate diverse,fascinating
appreciate intricate,fascinating
appreciate melody,fascinating
appreciate vibrant color,fascinating
astound by intricate,fascinating
astound by vibrant color,fascinating
beautiful mural,fascinating
beautiful spectacle,fascinating
beauty captivating,fascinating
breathtaking view,fascinating
captivated by beauty,fascinating
captivated by graceful,fascinating
captivated by intricate,fascinating
captivated by panoramic view,fascinating
captivated by vibrant hue,fascinating
charmed by lively atmosphere ,fascinating
colorful display,fascinating
colorful vibrancy,fascinating
come across spark wonder,fascinating
come across vibrant display,fascinating
completely captivated by graceful,fascinating
completely enchanted by intricate,fascinating
completely fascinated by,fascinating
completely worth adventure exploration,fascinating
cultural tapestry,fascinating
curiosity piqued by,fascinating
curious about picturesque landscape,fascinating
curious adventurous,fascinating
definitely worth appreciate intricate beauty,fascinating
definitely worth discover,fascinating
definitely worth explore,fascinating
definitely worth marvel at,fascinating
definitely worth remarkable,fascinating
delicate beauty,fascinating
discover colorful,fascinating
discover diverse wildlife,fascinating
discover ever changing scenery,fascinating
discover exploration adventure,fascinating
discover fascinating,fascinating
discover intricate beauty,fascinating
discover magic,fascinating
discover surprise,fascinating
discover unexpected beauty,fascinating
discover vibrant,fascinating
discover wonder,fascinating
discovered gem,fascinating
eager to explore magical,fascinating
eager to uncover mystery,fascinating
eager to unravel mystery,fascinating
enchanted by,fascinating
enchanted by magical ambiance,fascinating
enchanted by whimsical,fascinating
encounter capture beauty,fascinating
encounter colorful spectacle,fascinating
encounter majestic,fascinating
encounter new discovery,fascinating
enraptured by vibrant,fascinating
enthrall by,fascinating
enthrall by beauty,fascinating
enthrall by intricate,fascinating
enthrall by mesmerizing beauty,fascinating
enthrall by vibrant hue,fascinating
excited to discover attraction,fascinating
excited to discovery exploration,fascinating
excited to explore attraction,fascinating
excited to spot different,fascinating
excited to uncover enchanting,fascinating
excited to uncover wonder,fascinating
explore fascinating,fascinating
explore new adventure,fascinating
fascinated by,fascinating
fascinated by intricate,fascinating
feast eyes,fascinating
feel sense of wonder diversity,fascinating
find colorful,fascinating
find unexpected beauty,fascinating
grandeur nature,fascinating
in awe of intricate thriving,fascinating
interested in discover vibrant ,fascinating
intrigued by majestic,fascinating
intrigued by opportunity adventure,fascinating
intrigued by variety,fascinating
lively infectious,fascinating
magic new spectacle,fascinating
majestic landmark monument,fascinating
majestic presence,fascinating
many breathtaking vistas,fascinating
many fascinating,fascinating
many fascinating boredom not option,fascinating
marveled at vibrant color masterpiece,fascinating
marveled at vibrant hue,fascinating
marveling at intricate,fascinating
mesmerized by vibrant color,fascinating
more vistas discover,fascinating
much beauty worth second look,fascinating
much explore enchanted adventure,fascinating
new surprise adventure,fascinating
notice delicate vibrant color,fascinating
notice intricate,fascinating
notice vibrant color,fascinating
observe changing color,fascinating
observe different species,fascinating
observe fascinating,fascinating
observe graceful,fascinating
observe intricate beauty,fascinating
observe majestic,fascinating
picturesque landscape captivated by,fascinating
reveal new wonderland,fascinating
spellbound by beauty ,fascinating
spellbound by color,fascinating
spellbound by delicate beauty,fascinating
spellbound by intricate,fascinating
spellbound by vibrant,fascinating
spot majestic sight,fascinating
stumble upon whimsical magical surprise,fascinating
stumbled upon charming area,fascinating
stunning view,fascinating
totally fascinated by diverse,fascinating
totally fascinated by intricate,fascinating
totally fascinated by wonder,fascinating
totally worth beauty,fascinating
totally worth wonder inspire,fascinating
treasure trove natural wonders scenic beauty,fascinating
treasure trove wonder explore,fascinating
unexpected beauty,fascinating
unexpected surprise,fascinating
unlike anything seen before,fascinating
unravel beauty surprise endless,fascinating
variety of,fascinating
vibrant hue breathtaking,fascinating
view absolutely stunning,fascinating
witness beauty wonder,fascinating
witness captivating performance,fascinating
wonderland adventure exploration,fascinating
worth second look stunning variety,fascinating
arranged logically cohesive,coherence
arranged logically safe manner,coherence
careful placement signage easy navigation,coherence
cinch with designated area,coherence
clarity in the orderly placement,coherence
clarity orderly placement,coherence
clarity well defined boundary,coherence
clean restrooms near the main entrance,coherence
clear boundary designated area,coherence
clear separation area plan simple,coherence
clear signage direct to,coherence
clear signage direct to with ease,coherence
clear signage easily navigate,coherence
clear signage easy access,coherence
clear signage easy to find way,coherence
clear signage lead to,coherence
clear signage navigation,coherence
clearly defined boundary,coherence
clearly demarcated area,coherence
clearly demarcated path,coherence
clearly designated area,coherence
clearly designated parking area,coherence
clearly designated well maintained,coherence
clearly labeled species,coherence
clearly marked boundary easy to stay on track,coherence
clearly marked boundary safety,coherence
clearly marked easy to navigate through,coherence
clearly marked entrances simple to access,coherence
clearly marked on map,coherence
clearly marked path cycling,coherence
clearly marked provide structured route,coherence
coded easy to choose route,coherence
consistent space easy accessibility,coherence
convenient parking lot located near,coherence
convenient place near entrance,coherence
convenient placement easy to,coherence
convenient placement of trash can,coherence
conveniently locate throughout,coherence
conveniently located easy to spot,coherence
conveniently located near,coherence
conveniently placed bench,coherence
designated area,coherence
designated area arrange convenience,coherence
designated area cater to,coherence
designated area clearly marked easy to find,coherence
designated area easy to,coherence
designated area easy to find,coherence
designated area easy to find navigate,coherence
designated area hassle free,coherence
designated area maintain order,coherence
designated area maintain order cleanliness,coherence
designated area marked,coherence
designated area orderly,coherence
designated area structured,coherence
designated area well organized,coherence
designated direction,coherence
designated guide way,coherence
designated spot easy to find,coherence
designated spot organized,coherence
designated straightforward,coherence
designated zone marked,coherence
designated zone tidy,coherence
designated zone well maintained,coherence
detailed map plan route,coherence
digital wayfinding easy to navigate,coherence
directional arrow easy to follow route,coherence
directional arrow navigation foolproof,coherence
directional sign placed strategically,coherence
directional sign simple to find,coherence
directional signage easily,coherence
distinct help orient,coherence
distinct landmark along keep on course,coherence
division area easy to,coherence
division between designated zone,coherence
division between zone easy to find,coherence
easily accessible from any area,coherence
easily find area use signage,coherence
easily find way to use map,coherence
easily located designated area near,coherence
easily located near,coherence
easily located sign,coherence
easily locating designated zone,coherence
easily spot designated along,coherence
easily spot designated area,coherence
easily spot near,coherence
easily spotting designated area,coherence
easy to designated area,coherence
easy to find designated area,coherence
easy to find information well marked kiosk,coherence
easy to find way map,coherence
easy to find way well marked map,coherence
easy to locate designated,coherence
easy to navigate clear signage direct to,coherence
efficient layout,coherence
efficient layout of equipment,coherence
efficiently lay out easy access,coherence
efficiently lay out easy to access information,coherence
efficiently placed,coherence
effortless to find strategically place,coherence
everything has designated area,coherence
everything has designated space,coherence
find convenient situated near,coherence
find designated area simple,coherence
find order in neatly trimmed,coherence
find perfect spot designated area,coherence
find without difficulty signage,coherence
follow sign to designated area,coherence
follow way to,coherence
impressed by neatly arranged row,coherence
impressed by orderly arrangement,coherence
impressed by organized layout,coherence
impressed by organized layout easy to navigate,coherence
impressed by systematic layout,coherence
information board organized,coherence
information board position easy,coherence
information kiosk clear direction guidance,coherence
information kiosk position key junction,coherence
informational sign position strategically,coherence
informative brochure handy reference,coherence
informative interpretive sign,coherence
informative marker,coherence
informative sign simple,coherence
interactive map guidance,coherence
interpretive sign place near,coherence
lay out neatly with marker,coherence
layout area,coherence
layout intuitive easy to navigate,coherence
layout logical intuitive,coherence
layout of information desk,coherence
layout simple to find area,coherence
located information plan route,coherence
located strategically specific area,coherence
logical arrangement convenience,coherence
logical layout find way cinch,coherence
logical layout informational kiosk,coherence
logical placement safety signage,coherence
map available at key intersection,coherence
map available easy orientation,coherence
map display easy reference,coherence
map easy navigation,coherence
map kiosk navigation,coherence
map simple to navigate,coherence
map simple to plan route,coherence
map user friendly navigation,coherence
marked direction,coherence
marker conveniently place clear navigation,coherence
marker visible easy track,coherence
natural compass,coherence
natural guide through,coherence
navigate easy map,coherence
navigate easy with marker,coherence
navigate equipment easy with instructional sign,coherence
navigate manageable,coherence
navigate straightforward with map,coherence
navigate well marked with ease,coherence
navigate with ease clear sightline,coherence
navigating clear directional sign,coherence
neatly arranged area,coherence
neatly arranged designated area,coherence
neatly arranged easy to,coherence
neatly arranged row,coherence
neatly line area,coherence
neatly line up area,coherence
neatly stack provide clear arrangement,coherence
neatly store designated area,coherence
neatly trimmed sense of order,coherence
neatly with table bench in perfect order,coherence
no need compass clearly marked,coherence
notice systematic arrangement area along,coherence
numbered along easy to track,coherence
orderly arrangement area,coherence
orderly arrangement provides perfect,coherence
orderly display enhance,coherence
orderly placement along,coherence
orderly queue line move,coherence
orderly row along,coherence
orderly row display,coherence
orderly row organization,coherence
organize labeled easy identification,coherence
organized arrangement area,coherence
organized display informative signage,coherence
organized easy access,coherence
organized for efficient,coherence
organized informative signage,coherence
organized layout area,coherence
organized layout area easy to find,coherence
organized layout easy to find,coherence
organized layout easy to locate,coherence
organized layout easy to navigate,coherence
organized layout ensure clear accessibility,coherence
organized layout ensure safety,coherence
organized layout of observation point,coherence
organized queue system,coherence
organized seating area,coherence
pathway lead to different area,coherence
placed alongside,coherence
placed at regular interval,coherence
placement of trash and recycling bin,coherence
planned distribution ensure safety,coherence
position efficient maintenance,coherence
precisely locate easy navigation,coherence
quickly find designated spot,coherence
quickly spot information kiosk,coherence
restroom centrally located for accessibility,coherence
restroom clean well stocked sign of good management,coherence
seamless direction,coherence
set up in location for,coherence
signage direct to zone,coherence
signage place navigation throughout,coherence
signage strategically placed navigation,coherence
signage thoughtfully place guide,coherence
space out evenly along,coherence
space out perfectly privacy convenience,coherence
spaced evenly for convenience,coherence
spot familiar guide route,coherence
straightforward with signpost,coherence
strategic placement of signage navigation,coherence
strategically located for accessibility,coherence
strategically place information board,coherence
strategically placed area,coherence
strategically placed near,coherence
strategically position accessibility,coherence
streamlined design,coherence
structured arrangement regular interval,coherence
structured layout area,coherence
structured layout ensure convenience,coherence
structured layout navigation easy,coherence
structured seat area,coherence
systematic layout accessibility,coherence
systematic layout area,coherence
systematic layout easy access,coherence
systematic layout ensure accessibility,coherence
systematic layout information board,coherence
systematic maintenance,coherence
systematic placement easy to dispose,coherence
systematic placement offer throughout,coherence
systematic rotation of display,coherence
tidy row,coherence
way information board placed,coherence
wayfinding sign,coherence
wayfinding sign right direction,coherence
well defined boundary maintain order,coherence
well defined boundary stay on track,coherence
well defined path easy to explore,coherence
well lit area safe navigation,coherence
well maintained access smooth straightforward,coherence
well maintained signage easy to find way,coherence
well marked lead to with ease,coherence
well organized efficiently,coherence
well organized map simplify navigation,coherence
align with my personality,compatibility
appeal to my love for,compatibility
appeal to my playful,compatibility
appeal to my side,compatibility
atmosphere resonate with my,compatibility
attend workshop,compatibility
become one with sense of community,compatibility
being in harmony deeply fulfilling,compatibility
belonging among shared experience memory,compatibility
belonging in shared joy laughter with loved,compatibility
belonging laughter joy,compatibility
camaraderie feel at home,compatibility
cater perfectly to my personality,compatibility
cater to my approach to life,compatibility
cater to my enjoyment,compatibility
company love i belong,compatibility
complement my need for,compatibility
complement my personality,compatibility
connect with earth,compatibility
connected to sense,compatibility
connected to shared experience,compatibility
cozy find my retreat,compatibility
cozy fit my vibe,compatibility
cozy suit my approach,compatibility
delighted to join,compatibility
design for my passion,compatibility
eager to always loved,compatibility
eager to join,compatibility
eager to join my favorite way to,compatibility
embody love i belong ,compatibility
enjoy adrenaline rush,compatibility
enjoy excitement,compatibility
enjoy leisurely ride,compatibility
enjoy picnic with family,compatibility
enjoy ride on,compatibility
enjoy sense of camaraderie,compatibility
enjoy thrill,compatibility
enjoy thrill reeling,compatibility
evoke my love for,compatibility
excite my love for,compatibility
excited to join connect with nature,compatibility
excited to join perfect cozy,compatibility
excited to my favorite hobby,compatibility
excited to passion of mine,compatibility
experience deep connection,compatibility
experience deep connection sense of community,compatibility
experience deep sense of unity with,compatibility
experience profound sense of unity,compatibility
experience sense of connection,compatibility
experience sense of unity,compatibility
experience sense of unity laughter joy,compatibility
familiar feel at home,compatibility
familiar feel like belong here,compatibility
feel adrenaline rush thrilling,compatibility
feel align with fellow enjoy,compatibility
feel align with rhythm of life,compatibility
feel at one with nature,compatibility
feel connected to nature,compatibility
feel infinitely small yet connected,compatibility
feel like find my community,compatibility
feel like find my place,compatibility
feel like find my tribe welcoming,compatibility
feel like i belong laughter chatter,compatibility
feel like in my own backyard,compatibility
feel pulse of life,compatibility
feel solidarity of journey,compatibility
fill with happiness,compatibility
fill with joy,compatibility
find comfort,compatibility
find harmony,compatibility
find harmony shared enjoyment,compatibility
find joy in,compatibility
find my favorite,compatibility
find my tribe,compatibility
find my tribe friendly,compatibility
find tribe,compatibility
find unity in shared delight,compatibility
find unity shared joy play,compatibility
find unity shared laughter,compatibility
friendly face good time,compatibility
friendly welcoming atmosphere match my personality,compatibility
fulfill my love,compatibility
fulfill my passion,compatibility
have blast attend,compatibility
have blast bond with family friend,compatibility
have blast bustling,compatibility
have blast entertain,compatibility
have blast splash,compatibility
have fantastic time,compatibility
in harmony with laughter joy,compatibility
invigorate my love for,compatibility
join session,compatibility
join workshop,compatibility
laugh entertain,compatibility
laughter joy of humanity,compatibility
lively chatter family enjoy match my nature,compatibility
loved feel strength of human connection,compatibility
my happy place,compatibility
opportunity to connect with fellow match my personality,compatibility
perfect for leisurely,compatibility
perfect for my preference for,compatibility
perfectly match my love,compatibility
perfectly match my personality,compatibility
place bond with family friend,compatibility
place feel like my second home,compatibility
place made for me everyone to enjoy,compatibility
reflect my enjoyment for,compatibility
resonate with my love,compatibility
rush of excitement thrilling,compatibility
satisfy my adrenaline craving,compatibility
sense of belonging heartwarming,compatibility
sense of belonging to collective,compatibility
sense of community,compatibility
sense of community and camaraderie match my friendly demeanor,compatibility
sense of contentment,compatibility
sense of excitement resonate wit,compatibility
sense of familiarity comfort,compatibility
share thrill,compatibility
smile friendly greeting feel at home,compatibility
suit my nature perfectly,compatibility
suit my preference,compatibility
thrilled to join favorite way,compatibility
thrilled to my kind,compatibility
time to thrilling ride,compatibility
welcoming atmosphere feel like i belong,compatibility
welcoming atmosphere match my personality,compatibility
